{
  "Component.js": 1597736175000,
  "controller/HelloJBView.controller.js": 1598515876624,
  "test/unit/controller/HelloJBView.controller.js": 1597736175000,
  "test/integration/pages/HelloJBView.js": 1597736175000,
  "test/integration/arrangements/Startup.js": 1597736175000,
  "test/unit/unitTests.qunit.js": 1597736175000,
  "test/unit/AllTests.js": 1597736175000,
  "test/integration/opaTests.qunit.js": 1597736175000,
  "test/integration/NavigationJourney.js": 1597736175000,
  "test/integration/AllJourneys.js": 1597736175000,
  "test/initMockServer.js": 1597736175000,
  "model/models.js": 1597736175000,
  "localService/mockserver.js": 1597736175000,
  "manifest.json": 1598518056086,
  "i18n/i18n.properties": 1597736175000,
  "manifest-bundle.zip": 1598518055784,
  "Component-preload.js": 1598518056031,
  "test/integration/AllJourneys-dbg.js": 1597736175000,
  "test/integration/pages/HelloJBView-dbg.js": 1597736175000,
  "test/integration/arrangements/Startup-dbg.js": 1597736175000,
  "test/unit/unitTests.qunit-dbg.js": 1597736175000,
  "test/unit/AllTests-dbg.js": 1597736175000,
  "test/integration/opaTests.qunit-dbg.js": 1597736175000,
  "test/integration/NavigationJourney-dbg.js": 1597736175000,
  "test/unit/controller/HelloJBView-dbg.controller.js": 1597736175000,
  "test/initMockServer-dbg.js": 1597736175000,
  "model/models-dbg.js": 1597736175000,
  "localService/mockserver-dbg.js": 1597736175000,
  "controller/HelloJBView-dbg.controller.js": 1598515876624,
  "Component-dbg.js": 1597736175000,
  "resources.json": 1598518056091,
  "test/unit/unitTests.qunit.html": 1597736175000,
  "test/integration/opaTests.qunit.html": 1597736175000,
  "view/HelloJBView.view.xml": 1598518029577,
  "test/mockServer.html": 1597736175000,
  "css/style.css": 1597736175000,
  "index.html": 1597736175000
}